<SyntaxTree xmlns:i="http://www.w3.org/2001/XMLSchema-instance"><HasErrors>false</HasErrors><Main i:type="Procedure"><Environment><FormalParameters><Declarations/></FormalParameters><IsGlobal>true</IsGlobal><Locals><Declarations><Local><ArraySize>0</ArraySize><Identifier>M</Identifier><IsArray>false</IsArray><IsConstant>true</IsConstant><Type>Integer</Type><Value>7</Value></Local><Local><ArraySize>0</ArraySize><Identifier>N</Identifier><IsArray>false</IsArray><IsConstant>false</IsConstant><Type>Integer</Type><Value i:nil="true"/></Local></Declarations></Locals><Subroutines><Declarations><Subroutine i:type="Function"><Environment><FormalParameters><Declarations><FormalParameter><DataType>Integer</DataType><Identifier>T</Identifier><ParameterType>ByVal</ParameterType></FormalParameter></Declarations></FormalParameters><IsGlobal>false</IsGlobal><Locals><Declarations/></Locals><Subroutines><Declarations/></Subroutines></Environment><Identifier>FUN1</Identifier><Statements><Declarations/></Statements><ReturnExpression i:type="MultiplicationExpression"><Type>Integer</Type><LeftOperand i:type="IdentifierExpression"><Type>Integer</Type><Name>T</Name><Reference><EnvironmentReference>0</EnvironmentReference><IsParameter>true</IsParameter><ListReference>0</ListReference></Reference></LeftOperand><RightOperand i:type="LiteralNumberExpression"><Type>Integer</Type><Value>5</Value></RightOperand></ReturnExpression><ReturnType>Integer</ReturnType></Subroutine></Declarations></Subroutines></Environment><Identifier>MAIN</Identifier><Statements><Declarations><Statement i:type="Assignment"><Destination i:type="IdentifierExpression"><Type>Integer</Type><Name>N</Name><Reference><EnvironmentReference>0</EnvironmentReference><IsParameter>false</IsParameter><ListReference>1</ListReference></Reference></Destination><Expression i:type="FunctionCallExpression"><Type>Integer</Type><ActualParameters><Parameters><Expression i:type="LiteralNumberExpression"><Type>Integer</Type><Value>7</Value></Expression></Parameters></ActualParameters><Identifier>FUN1</Identifier><Reference><EnvironmentReference>0</EnvironmentReference><IsParameter>false</IsParameter><ListReference>0</ListReference></Reference></Expression></Statement><Statement i:type="IfThenElse"><Condition i:type="GreaterThanExpression"><Type>Boolean</Type><LeftOperand i:type="IdentifierExpression"><Type>Integer</Type><Name>N</Name><Reference><EnvironmentReference>0</EnvironmentReference><IsParameter>false</IsParameter><ListReference>1</ListReference></Reference></LeftOperand><RightOperand i:type="LiteralNumberExpression"><Type>Integer</Type><Value>20</Value></RightOperand></Condition><Else><Declarations><Statement i:type="Show"><Values xmlns:a="http://schemas.microsoft.com/2003/10/Serialization/Arrays"><a:anyType i:type="LiteralString"><Value>'N es menor a 20 o igual y vale '</Value></a:anyType><a:anyType i:type="IdentifierExpression"><Type>Integer</Type><Name>N</Name><Reference><EnvironmentReference>0</EnvironmentReference><IsParameter>false</IsParameter><ListReference>1</ListReference></Reference></a:anyType></Values></Statement></Declarations></Else><Then><Declarations><Statement i:type="Show"><Values xmlns:a="http://schemas.microsoft.com/2003/10/Serialization/Arrays"><a:anyType i:type="LiteralString"><Value>'N es mayor a 20 y vale '</Value></a:anyType><a:anyType i:type="IdentifierExpression"><Type>Integer</Type><Name>N</Name><Reference><EnvironmentReference>0</EnvironmentReference><IsParameter>false</IsParameter><ListReference>1</ListReference></Reference></a:anyType></Values></Statement></Declarations></Then></Statement></Declarations></Statements></Main></SyntaxTree>